arquivo,url,data_download,tamanho_bytes,sha256
consulta_cand_2026.zip,https://cdn.tse.jus.br/estatistica/sead/odsele/consulta_cand/consulta_cand_2026.zip,2026-10-02T14:02:31.540845+00:00,3209582,44049efc007419c76402892d98336a3cea7d5ac1cfad8f5bba69080935638300
detalhe_votacao_munzona_2006.zip,https://cdn.tse.jus.br/estatistica/sead/odsele/detalhe_votacao_munzona/detalhe_votacao_munzona_2006.zip,2026-10-02T14:02:32.625003+00:00,3893736,9cc8d3a710f33f7dc2b301e01cab58a67e78b6ab3bf0bd48031e7cdb46f6870f
detalhe_votacao_munzona_2010.zip,https://cdn.tse.jus.br/estatistica/sead/odsele/detalhe_votacao_munzona/detalhe_votacao_munzona_2010.zip,2026-10-02T14:02:33.632795+00:00,3354480,5f0ea64db232ddf7b88c0cb568534477cf21d8d1c8c8d40790b33cffce03a034
detalhe_votacao_munzona_2014.zip,https://cdn.tse.jus.br/estatistica/sead/odsele/detalhe_votacao_munzona/detalhe_votacao_munzona_2014.zip,2026-10-02T14:02:34.524552+00:00,3937094,f9195f8988edabd5db03fdef31ad33b21ad0f02c75c8a8fa30c468ed5642460a
detalhe_votacao_munzona_2018.zip,https://cdn.tse.jus.br/estatistica/sead/odsele/detalhe_votacao_munzona/detalhe_votacao_munzona_2018.zip,2026-10-02T14:02:35.540911+00:00,4269741,df68c258a2261dff37b379f65ea5f2e8de7b3d824bb2340d8f4830274a3fabb5
detalhe_votacao_munzona_2022.zip,https://cdn.tse.jus.br/estatistica/sead/odsele/detalhe_votacao_munzona/detalhe_votacao_munzona_2022.zip,2026-10-02T14:02:36.507187+00:00,4409964,da60750dd2e356c7d022cbb5c822228cc552b474ff91d62cdf10812fecac5a77
votacao_candidato_munzona_2022.zip,https://cdn.tse.jus.br/estatistica/sead/odsele/votacao_candidato_munzona/votacao_candidato_munzona_2022.zip,2026-10-02T14:04:19.976864+00:00,556154774,b45f00a83b43d33ba6e0efd8d19df646674e5130260597b5caa8585f6e1a70e2
votacao_candidato_munzona_2006.zip,https://cdn.tse.jus.br/estatistica/sead/odsele/votacao_candidato_munzona/votacao_candidato_munzona_2006.zip,2026-10-02T14:06:19.459874+00:00,130940089,9bd23c339924ee761347a80590deff8bbbe2f483ff5a5b3d478998ce59ec929e
votacao_candidato_munzona_2010.zip,https://cdn.tse.jus.br/estatistica/sead/odsele/votacao_candidato_munzona/votacao_candidato_munzona_2010.zip,2026-10-02T14:06:24.328834+00:00,132565895,fc7052974632351a3dc81e8ec17312889687eae0b2d56508259f91deecadd563
votacao_candidato_munzona_2014.zip,https://cdn.tse.jus.br/estatistica/sead/odsele/votacao_candidato_munzona/votacao_candidato_munzona_2014.zip,2026-10-02T14:06:41.330843+00:00,494100168,f41bceb427820c068b2b14b87befa69d8c333638644eea0e8337534f9b349fd3
votacao_candidato_munzona_2018.zip,https://cdn.tse.jus.br/estatistica/sead/odsele/votacao_candidato_munzona/votacao_candidato_munzona_2018.zip,2026-10-02T14:06:51.931746+00:00,395389280,f880848ef4ba340b15cb91ff0754aa370d34ca7b7e605d6607c0f2a75009adc8
